loop-quiet-2-ear-plugs	https://m.media-amazon.com/images/I/51vun8qtNlL._AC_SL1500_.jpg
bloch-women-s-grecian-sandal-dance-shoes	https://m.media-amazon.com/images/I/61Dy5ViN7hL.jpg
loop-experience-ear-plugs	https://m.media-amazon.com/images/I/61vrTfUNMXL._AC_SL1500_.jpg
suede-stick-on-sheets	https://m.media-amazon.com/images/I/713xiwFnYoL._AC_SL1500_.jpg
alien-body-suit	https://m.media-amazon.com/images/I/61qp+MVb2zL.jpg
alien-mask	https://m.media-amazon.com/images/I/71yxHlKHIIL._AC_SL1500_.jpg
mesh-fishnet-top	https://m.media-amazon.com/images/I/91ONstTtR1L.jpg
bagail-4-set-6-set-compression-packing-cubes-travel-expandable-packing	https://m.media-amazon.com/images/I/61XPFYfWAML._AC_SL1393_.jpg
leak-proof-refillable-silicone-travel-bottles-3oz-travel-size-containe	https://m.media-amazon.com/images/I/71op486oeIL._SL1500_.jpg
2-feet-sock-for-dancing-on-smooth-floors-over-sneakers-smooth-pivots-t	https://m.media-amazon.com/images/I/81Um5W8+UcL._AC_SL1500_.jpg
adult-unisex-pickle-costume-x-large	https://m.media-amazon.com/images/I/71pqt8xfzWL.jpg
zolee-large-rave-folding-hand-fan-with-bamboo-ribs-for-men-women-chine	https://m.media-amazon.com/images/I/81JjMXbs5QL._AC_SL1500_.jpg
bloch-women-s-grecian-sandal-dance-shoe-black-9-5	https://m.media-amazon.com/images/I/61Dy5ViN7hL.jpg
hxyoo-ballroom-dance-shoes-boots-for-women-salsa-latin-wedding-party-2	https://m.media-amazon.com/images/I/51piTi1p2qL.jpg
convenience-kits-international-women-s-15-pc-kit-featuring-palmer-s-ha	https://m.media-amazon.com/images/I/81yP1JIuVIL._SL1500_.jpg
adidas-women-s-superlite-performance-visor-grey-six-rose-gold-heather	https://m.media-amazon.com/images/I/71rvO0ZMX2S.jpg
ushake-slim-running-belt-ultra-light-bounce-free-waist-pouch-fitness-w	https://m.media-amazon.com/images/I/81LQLIBRsUL.jpg
isadora-paccini-women-s-6-pack-fishnet-lace-pantyhose-tights-queen-bla	https://m.media-amazon.com/images/I/81wJOQAdTZL.jpg
volpeblu-24-pack-light-up-cups-led-flash-shot-glasses-for-party-favors	https://m.media-amazon.com/images/I/81jj+KEMxjL.jpg
tioncy-2-pcs-bling-rhinestone-portable-pill-case-with-keychain-small-p	https://m.media-amazon.com/images/I/71FxwnrBpYL.jpg
wllhyf-2-pieces-bling-pill-container-waterproof-pill-bottle-case-porta	https://m.media-amazon.com/images/I/61XHL4BfC+L.jpg
ablanczoom-hoodies-for-women-casual-full-zip-up-hoodie-comfortable-wom	https://m.media-amazon.com/images/I/718LxULKXPL.jpg
mebak-piercing-aftercare-swabs-saline-solution-for-piercings-earring-n	https://m.media-amazon.com/images/I/81Ek8J9JdDL.jpg
a-alfeel-2-pack-large-folding-rave-fan-for-women-men-holographic-festi	https://m.media-amazon.com/images/I/71FDHYB5KOL._AC_SL1000_.jpg
carcos-women-s-mesh-tops-plus-size-see-through-sheer-spiderweb-tops-mo	https://m.media-amazon.com/images/I/71Uk+s5oTPL.jpg
porvike-3-pack-sports-crop-tank-tops-women-s-cotton-racerback-yoga-gym	https://m.media-amazon.com/images/I/61NceC-3z0L.jpg
dokotoo-womens-ladies-athletic-basic-ribbed-thick-strap-low-cut-solid	https://m.media-amazon.com/images/I/61yMXMWbE7L.jpg
dobreva-women-s-push-up-bra-racerback-front-closure-bras-lace-padded-u	https://m.media-amazon.com/images/I/71DwByWg6qL.jpg
clarks-women-s-breeze-sea-flip-flop-new-white-synthetic-10	https://m.media-amazon.com/images/I/51YYTFEggSL.jpg
drawer-organizer-clothes-8-pack-underwear-drawer-organizer-foldable-cl	https://m.media-amazon.com/images/I/71wZZBcWZzL.jpg
halloween-headbands-2-pack-pumpkin-hat-headbands-for-halloween-costume	https://m.media-amazon.com/images/I/81h2pxa-dUL.jpg
6-sheets-halloween-adhesive-felt-sticker-pumpkin-ghost-stickers-classi	https://m.media-amazon.com/images/I/614MO9Q+hxL._AC_SL1500_.jpg
shoe-dryer-and-deodorizer-enhanced-deodorising-boot-dryer-with-timer-s	https://m.media-amazon.com/images/I/61kHbuTUhbL._AC_SL1500_.jpg
urban-decay-24-7-moondust-eyeshadow-compact-long-lasting-shimmery-eye	https://m.media-amazon.com/images/I/91vHN41yRkL._SL1500_.jpg
darenyi-16-x12-acrylic-mirror-sheet-flexible-non-glass-body-mirror-til	https://m.media-amazon.com/images/I/51qsnPY2GPL._AC_SL1500_.jpg
escolite-uv-flashlight-black-light-51-led-395-nm-ultraviolet-blackligh	https://m.media-amazon.com/images/I/81FHBEApTgL._AC_SL1500_.jpg
tibeha-butterfly-wings-for-women-halloween-cape-costumes-adult-with-ma	https://m.media-amazon.com/images/I/61tiwG1I8bL.jpg
yzding-birthday-sashes-for-girl-women-happy-birthday-queen-gift-sash-s	https://m.media-amazon.com/images/I/61iYUkoGfFL.jpg
didder-gold-crystal-tiara-crown-headband-princess-elegant-crown-with-c	https://m.media-amazon.com/images/I/71KG1gFNmBL._SL1500_.jpg
morgles-wig-caps-6pcs-mesh-net-wig-caps-weaving-hair-net-for-wig-close	https://m.media-amazon.com/images/I/81UaiaK70wL._SL1500_.jpg
prettygarden-women-s-summer-casual-deep-v-neck-short-sleeve-wrap-draws	https://m.media-amazon.com/images/I/61R8hESmU9L.jpg
qhq-shininglifi-rainbow-bob-wigs-and-a-wig-cap-women-s-short-straight	https://m.media-amazon.com/images/I/61WNwhTNu3L._SL1020_.jpg
cresay-women-s-sequin-fitted-long-sleeve-zipper-blazer-bomber-jacket-r	https://m.media-amazon.com/images/I/71lMkp6e+XL.jpg
nhsunray-women-girls-dancing-tutu-skirt-layered-organza-lace-rainbow-b	https://m.media-amazon.com/images/I/61WniURH5BL.jpg
kaximil-women-s-sexy-bodycon-midi-club-dresses-basic-casual-2-piece-ou	https://m.media-amazon.com/images/I/51JKwlFg+HL.jpg
floerns-women-s-casual-reflective-short-sleeve-round-neck-crop-tops-t	https://m.media-amazon.com/images/I/71A7u0z2D2S.jpg
the-gym-people-womens-high-waisted-running-shorts-quick-dry-athletic-w	https://m.media-amazon.com/images/I/61zrk4irT9S.jpg
9-pcs-led-light-hair-scrunchies-satin-elastic-bands-ties-ropes-3-color	https://m.media-amazon.com/images/I/71edb6PZENL.jpg
freeprance-women-s-pants-casual-trouser-paper-bag-pants-elastic-waist	https://m.media-amazon.com/images/I/61lTUK4fS9L.jpg
relavel-travel-hanging-toiletry-bag-for-men-women-travel-kit-shaving-b	https://m.media-amazon.com/images/I/71HYpTj9WyL._AC_SL1500_.jpg
steamer-for-clothes-hand-held-portable-travel-garment-steamer-metal-st	https://m.media-amazon.com/images/I/71NfQnTlg1L._AC_SL1500_.jpg
downbeats-reusable-high-fidelity-hearing-protection-ear-plugs-for-conc	https://m.media-amazon.com/images/I/61B9fMmq3gL._AC_SL1500_.jpg
high-fidelity-concert-ear-plugs-for-music-noise-cancelling-musician-ea	https://m.media-amazon.com/images/I/71V2jfqX1IL.jpg
short-multi-charging-cable-3a-3pack-multiple-usb-fast-charger-cable-fo	https://m.media-amazon.com/images/I/71fHTY-2WkL._SL1499_.jpg
jumpsuits-for-women-elegant-floral-short-sleeve-sexy-v-neck-casual-lon	https://m.media-amazon.com/images/I/61tn3JdBPES.jpg
listerine-ready-tabs-chewable-tablets-with-clean-mint-flavor-revolutio	https://m.media-amazon.com/images/I/711DwRCax+L._SL1500_.jpg
olv-neck-fan-5000mah-foldable-neck-fan-portable-rechargeable-led-displ	https://m.media-amazon.com/images/I/61PB7+-9MjL.jpg
